<?xml version="1.0" encoding="UTF-8"?>
<!DOCTYPE suite SYSTEM "http://testng.org/testng-1.0.dtd">
<suite name="Patient Portal">
  <test verbose="2" name="Appointment functional testing">
    <classes>
   	 <class name="com.patient.appointment.AppointmentDestructive">
	  <methods>
	        <include name="AppointmentValidation" />
			<include name="AppointmentValidation1" />
 		    <exclude name="AppointmentValidation2" />
 		    <exclude name="blankFromDate" />
 		    <exclude name="blankToDate" />
			<exclude name="ToDateGtFromDate" />
			<exclude name="blankFromTime" />
			<exclude name="blankToTime" />
			<exclude name="ToTimeGtFromTime" />
			<exclude name="verifyDaysBlank" />
			<exclude name="verifyApptSchedule" />
			
        </methods></class>
       <class name="com.patient.appointment.AppointmentFunctional">
	  <methods>
	        <include name="Appointmenttab" />
			<include name="verifyScheduledApptGrid" />
 		    <include name="ApptSearch" />
 		    <include name="AdvSearch" />
 		    <include name="AdvSearchdays" />
			<include name="AdvSearchselectdays" />
			<include name="Schedulingappt" />
			<include name="isVisibleOfNextAvailableAppt" />
			<include name="AdvanceSearch" />
			<include name="triceLoginAppt" />
			<include name="verifyScheduledApptList" />
			<include name="verifyCancleScheduledAppList" />
        </methods></class> 
		
    </classes>
    
  </test> <!-- Default test -->
  <listeners>
       <listener class-name="com.TestListener"/>
  	</listeners>
</suite> <!-- Default suite -->
