<?xml version="1.0" encoding="UTF-8"?>
<!DOCTYPE suite SYSTEM "http://testng.org/testng-1.0.dtd">
<suite name="Patient Portal">
  <test verbose="2" name="Authorized Representative module">
    <classes>
      <class name="com.patient.settings.Authorized_Rep.Authorized_Rep">
      <methods>
	        <include name="ArTab" />
			<include name="Ar_Validation" />
 		    <include name="Ar_Incorrect" />
 		    <include name="Ar_Correct" />
 		    <include name="Ar_Delete" />
        </methods></class>
        <!-- <class name="com.patient.settings.Authorized_Rep.Authorized_Rep_Registration">
      <methods>
	        <include name="ARVerification" />
	        <include name="UserSetup" />
	        <include name="UserAgreement" />
	        <include name="EmailVerification" /></methods></class>  -->
    </classes>
  </test> <!-- Default test -->
</suite> <!-- Default suite -->