<?xml version="1.0" encoding="UTF-8"?>
<!DOCTYPE suite SYSTEM "http://testng.org/testng-1.0.dtd">
<suite name="Patient Portal">
  <test verbose="2" name="Create Account module Destructive test cases">
    <classes>
      <class name="com.CreateAcctount_Destructive">
      <methods>
	        <include name="invalidSSN" />
			<include name="blankValidation" />
 		    <include name="validateEmail" />
 		    <include name="RegisteredEmailUse" />
 		    <include name="UserSetupValidation" />
        </methods></class>
    </classes>
  </test> <!-- Default test -->
</suite> <!-- Default suite -->