<?xml version="1.0" encoding="UTF-8"?>
<!DOCTYPE suite SYSTEM "http://testng.org/testng-1.0.dtd">
<suite name="Patient Portal">
  <test verbose="2" name="Create Account module">
    <classes>
      <class name="com.CreateAccount">
      <methods>
	        <include name="Startup" />
	        <include name="PatientMatch" />
			<include name="PatientMatchwithSSN" />
 		    <include name="PatientMatchNonSSNcell" />
 		    <include name="PatientMatchNonSSNcityzip" />
 		    <include name="UserSetup" />
 		    <include name="UserAgreement" />
 		    <include name="EmailVerification" />
 		    <include name="Re_patientMatch" />
 		    <include name="Re_emailuse" /><!-- destructive test case  -->
        </methods></class>
    </classes>
  </test> <!-- Default test -->
   <listeners>
       <listener class-name="com.TestListener"/>
  	</listeners>
</suite> <!-- Default suite -->