<?xml version="1.0" encoding="UTF-8"?>
<!DOCTYPE suite SYSTEM "http://testng.org/testng-1.0.dtd">
<suite name="Patient Portal">
  <test verbose="2" name="Login module">
    <classes>
      <class name="com.patient.login.LoginModule">
      <methods>
	        <include name="LoginValidateBlank" />
			<include name="LoginValidateBlankPassword" />
 		    <include name="LoginValidateBlankUsername" />
 		    <include name="HelpCheck" />
 		    <include name="verifyLogin" />
 		    <include name="verifyTabs" />
        </methods></class>
        
    </classes>
   
  </test> <!-- Default test -->
   <listeners>
       <listener class-name="com.TestListener"/>
  	</listeners>
</suite> <!-- Default suite -->