<?xml version="1.0" encoding="UTF-8"?>
<!DOCTYPE suite SYSTEM "http://testng.org/testng-1.0.dtd">
<suite name="Patient Portal">
  <test verbose="2" name="Messages module">
    <classes>
      <class name="com.patient.messages.Messages">
      <methods>
<!-- 0 -->  		<include name="verifyMessageTabs" />
<!-- 1 -->	        <include name="inboxValidationCheck" />
<!-- 2 -->	        <include name="inbox" />
<!-- 3 -->			<include name="verifyInboxtoSent" />
<!-- 4 --> 		    <include name="verifyInboxtoTrash" />
<!-- 5 --> 		    <include name="verifyTrashToInbox" />
<!-- 6 --> 		    <include name="composeValidationCheck" />
<!-- 7 --> 		    <include name="verifyComposetoSent" />

<!-- 9 --> 		    <include name="verifySentToTrash" />
<!-- 10 --> 		<include name="verifyTrashToSent" />

<!-- 12 --> 		<include name="validateMedicationRefill" />
<!-- 13 --> 		<include name="verifyMedicationRefilltoSent" />
<!-- 14 --> 		<include name="validateMedicationQuestion" />
<!-- 15 --> 		<include name="verifyMedicationQuestiontoSent" />
<!-- 16 --> 		<include name="validateLabResultQuestion" />
<!-- 17 --> 		<include name="verifyLabResultQuestionToSent" />
<!-- 18 --> 		<include name="verifyInboxtoSentToPractice" />
<!-- 19 --> 		<include name="verifyComposetoSentToPractice" />
<!-- 20 --> 		<include name="verifyMedicationRefillToPractice" />
<!-- 21 --> 		<include name="verifyMedicationQuestionToPractice" />
<!-- 22 --> 		<include name="verifyLabResultQuestionToPractice" />
<!-- 23 --> 		<exclude name="verifyComposetoSentToPractice" />

        </methods></class>
    </classes>
  </test> <!-- Default test -->
   <listeners>
       <listener class-name="com.TestListener"/>
  	</listeners>
</suite> <!-- Default suite -->