<?xml version="1.0" encoding="UTF-8"?>
<!DOCTYPE suite SYSTEM "http://testng.org/testng-1.0.dtd">
<suite name="Patient Portal">
  <test verbose="2" name="Settings module">
    <classes>
    <!-- Login method used in Notification and end of the suite it will be used-->
      <class name="com.patient.settings.Notification">  <!-- 1st Test case -->
      <methods>
	        <include name="NotificationFunctional" />
			<include name="NotificationDestruction" />
 		    <include name="VerifyNotifications" />
        </methods></class>
        
      <class name="com.patient.settings.Billing">   <!-- 2nd Test case -->
      <methods>
	        <include name="BillingVerificaiton" />
			<include name="BillingFunctional" />
 		    <include name="BillingDestructive" />
 		    
      </methods></class>
      <class name="com.patient.settings.Profile">   <!-- 3rd Test case -->
      <methods>
	        <include name="validateAddress" />
			<include name="validatecityzip" />
 		    <include name="validateEmergencyContactName" />
 		    <include name="validatePhone" />
 		    <include name="validateEmail" />
 		    <include name="validateAll" />
 		    <include name="ProfileFunctional" />
        </methods></class>
        
      <class name="com.patient.settings.Authorized_Rep">   <!-- 4th Test case -->
      <methods>
	        <include name="ArTab" />
			<include name="Ar_Validation" />
 		    <include name="Ar_Incorrect" />
 		    <include name="Ar_Correct" />
 		    <include name="Ar_Delete" />
        </methods></class>
         
      <class name="com.patient.settings.Accounts">   <!-- 5th Test case -->
	  <methods>
	  		<include name="Account" />
	  		<include name="PasswordChangeReuse" />
	  		<include name="WrongPasswordCheck" />
	  </methods></class>
       
       <class name="com.patient.settings.Authorized_Rep_Registration">   <!-- 6th Test case -->
	   <methods>
	  		<include name="Ar_Correct" />
	  		<include name="ARVerification" />
	  		<include name="UserSetup" />
	  		<include name="UserAgreement" />
	  		<include name="EmailVerification" />
	   </methods></class>
       
    </classes>
   
  </test> <!-- Default test -->
   <listeners>
       <listener class-name="com.TestListener"/>
  	</listeners>
</suite> <!-- Default suite -->